name,supplier,category,date,price,notes,waspaid
ביטוח שנתי,הפניקס,מנהלי,01/01/2022,4832,,TRUE
מלאי כוסות,אולסייטל טריידינג,כוסות,04/01/2022,343,לואו בול,TRUE
שכירות,אלי גלעד,שכירות,06/01/2022,3744,ינואר,TRUE
קמפיין פייסבוק,פייסבוק,פרסום,09/01/2022,124,,TRUE
תעודת כשרות,צהר,מנהלי,15/01/2022,421,דצמבר,TRUE
מנוי לחשבונית ירוקה,חשבונית ירוקה,מנהלי,17/01/2022,337,שנתי,TRUE
שיווק דיגיטלי,דוד וטין,פרסום,20/01/2022,2750,עבור ינואר,TRUE
קמפיין גוגל,גוגל,פרסום,25/01/2022,1500,,TRUE
ביטוח לאומי,ביטוח לאומי,ערייה וממשלה,29/01/2022,123,,TRUE
ציוד עבודה,טמבוריה קרית אונו,לוגיסטיקה,30/01/2022,30,,TRUE
שכירות,אלי גלעד,שכירות,06/02/2022,3744,פברואר,TRUE
יום טעימות,מגה,מזון ומשקאות,08/02/2022,36,,TRUE
קמפיין פייסבוק,פייסבוק,פרסום,09/02/2022,900,,TRUE
צנצנות זכוכית,הסטוק בת ים,לוגיסטיקה,09/02/2022,75,,TRUE
בקבוקי זכוכית,"ישר אריזה בעמ",לוגיסטיקה,13/02/2022,147,,TRUE
ציוד מחסן,הספקה לתעשייה,לוגיסטיקה,15/02/2022,100,,TRUE
ציוד מחסן,הום סנטר,לוגיסטיקה,15/02/2022,250,שולחן מתקפל + ציוד למחסן,TRUE
תעודת כשרות,צהר,מנהלי,15/02/2022,702,ינואר,TRUE
מלאי,טמפו,מלאי,15/02/2022,982,ג'ין,TRUE
קמפיין פייסבוק,פייסבוק,פרסום,21/02/2022,1000,,TRUE
מסגרות לתפריטים,הכל בדולר,לוגיסטיקה,24/02/2022,30,,TRUE
דקורציה,אולסייטל טריידינג,לוגיסטיקה,27/02/2022,70,,TRUE
יום טעימות,אושר עד,מזון ומשקאות,01/03/2022,70,,TRUE
תדלוק,ביילסול,דלק,04/03/2022,200,רכב של יהודית,TRUE
שכירות,אלי גלעד,שכירות,06/03/2022,3744,מרץ,TRUE
צידניות,הכל בו לתעשייה,לוגיסטיקה,06/03/2022,700,,TRUE
מלאי כוסות,אולסייטל טריידינג,כוסות,07/03/2022,583,הייבול + סניפטר,TRUE
קמפיין גוגל,גוגל,פרסום,07/03/2022,1664,פברואר,TRUE
קרח,אייס קיובס,קרח,07/03/2022,360,30 שקים,TRUE
מיץ לימון,סחוטים,מיץ לימון,08/03/2022,276,,TRUE
קמפיין פייסבוק,פייסבוק,פרסום,09/03/2022,378,,TRUE
צנצנות זכוכית,הסטוק אור יהודה,לוגיסטיקה,10/03/2022,119,,TRUE
מסגרות לתפריטים + ברנר,הכל בדולר,לוגיסטיקה,10/03/2022,65,,TRUE
לבוש לברמנים,מדים זיוה,לוגיסטיקה,10/03/2022,150,,TRUE
מלאי,שימורי איכות,מלאי,10/03/2022,1543,,TRUE
מלאי,היבואן,מלאי,10/03/2022,3133,,TRUE
מלאי,טמפו,מלאי,10/03/2022,1822,,TRUE
מלאי,דרך היין,מלאי,14/03/2022,560,,TRUE
תעודת כשרות,צהר,מנהלי,15/03/2022,702,פברואר,TRUE
מלאי,היבואן,מלאי,15/03/2022,2971,,TRUE
מלאי,שימורי איכות,מלאי,15/03/2022,163,,TRUE
מלאי,"כלבו מרקט רויזנבסר אלכסנדר. שלמה 75 ת""א",מלאי,15/03/2022,130,ערק חירום,TRUE
קרח,אייס קיובס,קרח,15/03/2022,300,25 שקים,TRUE
תדלוק,פז קרית אונו,דלק,16/03/2022,200,רכב של אמא,TRUE
מלאי,"אר אנד ווי מתוקים בע""מ",מלאי,16/03/2022,130,ג'יימסון חירום,TRUE
פותחן יין,אואזיס,לוגיסטיקה,17/03/2022,25,,TRUE
מלאי,היבואן,מלאי,17/03/2022,700,,TRUE
מלאי,שימורי איכות,מלאי,17/03/2022,1207,,TRUE
מיץ לימון,סחוטים,מיץ לימון,18/03/2022,292,,TRUE
קשים במבוק,בלו הונה,לוגיסטיקה,18/03/2022,343,,TRUE
מלאי,היבואן,מלאי,18/03/2022,2340,,TRUE
תדלוק,פז צומת סביון,דלק,21/03/2022,200,רכב של אמא,TRUE
מלאי,היבואן,מלאי,21/03/2022,660,,TRUE
מלאי,שימורי איכות,מלאי,21/03/2022,297,טוניק,TRUE
קשים במבוק וציוד בר,אלי אקספרס,לוגיסטיקה,22/03/2022,362,,TRUE
תדלוק,דלק צומת גילת,דלק,23/03/2022,300,רכב של יהודית,TRUE
גומי לאופנוע,מ.י.ד דיזיין,לוגיסטיקה,23/03/2022,10,,TRUE
מלאי כוסות,אולסייטל טריידינג,כוסות,23/03/2022,218,הייבול + סניפטר,TRUE
מלאי,פיצוחי מזרחי + ג.מ מעיין אלפיים,מלאי,23/03/2022,600,,TRUE
מיץ לימון,סחוטים,מיץ לימון,27/03/2022,269,,TRUE
קמפיין גוגל,גוגל,פרסום,27/03/2022,1359,מרץ,TRUE
קרח,אייס קיובס,קרח,27/03/2022,336,28 שקים,TRUE
מלאי,היבואן,מלאי,28/03/2022,3747,,TRUE
מלאי,שימורי איכות,מלאי,28/03/2022,427,,TRUE
מלאי כוסות,ארגל,כוסות,29/03/2022,56,כוסות ערבוב,TRUE
ראיית חשבון,עידו עמרם,מנהלי,29/03/2022,936,ינואר פברואר,TRUE
קמפיין גוגל,גוגל,פרסום,01/04/2022,440,מרץ,TRUE
מלאי כוסות,אולסייטל טריידינג,כוסות,03/04/2022,877,הייבול + קפה,TRUE
ציוד למחסן,הספקה לתעשייה,לוגיסטיקה,05/04/2022,109,,TRUE
משאבה לקפה,אדר פתרונות קפה,לוגיסטיקה,06/04/2022,850,,TRUE
שכירות,אלי גלעד,שכירות,06/04/2022,3744,אפריל,TRUE
תדלוק,פז חופית,דלק,07/04/2022,200,רכב של יהודית,TRUE
תדלוק,דלק תל יצחק,דלק,08/04/2022,200,רכב של יהודית,TRUE
ביטוח לאומי מעסיקים,ביטוח לאומי,ערייה וממשלה,11/04/2022,400,עבור מרץ,TRUE
תדלוק,ביילסול,דלק,14/04/2022,200,רכב של יהודית,TRUE
תעודת כשרות,צהר,מנהלי,15/04/2022,702,מרץ,TRUE
מיץ לימון,סחוטים,מיץ לימון,25/04/2022,234,,TRUE
קרח,אייס קיובס,קרח,27/04/2022,360,30 שקים,TRUE
שיווק דיגיטלי,סער ברעם,פרסום,29/04/2022,2100,עבור מאי,TRUE
קמפיין גוגל,גוגל,פרסום,01/05/2022,983,אפריל,TRUE
פוררים,אלי אקספרס,לוגיסטיקה,01/05/2022,91,,TRUE
מלאי כוסות וציוד לבר החדש,אולסייטל טריידינג,כוסות,02/05/2022,1203,,TRUE
פלסטיק,מר פלסטיק,לוגיסטיקה,02/05/2022,1474,צ'ייסרים וכוסות לונג,TRUE
מלאי,שימורי איכות,מלאי,02/05/2022,564,,TRUE
מלאי,היבואן,מלאי,02/05/2022,3265,,TRUE
תדלוק,נחלים,דלק,03/05/2022,400,רכב של יהודית,TRUE
ראיית חשבון,עידו עמרם,מנהלי,04/05/2022,1345,מרץ אפריל,TRUE
פנסיה לעובדים,אינפיניטי,ערייה וממשלה,08/05/2022,1236,מרץ אפריל,TRUE
ביטוח לאומי מעסיקים,ביטוח לאומי,ערייה וממשלה,08/05/2022,202,עבור אפריל,TRUE
צנצנות זכוכית,הסטוק,לוגיסטיקה,08/05/2022,77,,TRUE
מגשי טפטוף,עובדיה אייל,לוגיסטיקה,12/05/2022,2282,מספר הזמנה 84803,TRUE
תעודת כשרות,צהר,מנהלי,15/05/2022,702,אפריל,TRUE
מיץ לימון,סחוטים,מיץ לימון,16/05/2022,234,,TRUE
מדפים,אלון עמי,לוגיסטיקה,16/05/2022,1638,,TRUE
דיספליי,טייק איט,לוגיסטיקה,16/05/2022,854,,TRUE
מתקן שתייה,מיסטרל,לוגיסטיקה,17/05/2022,295,,TRUE
אגבה,טבע קסטל,מזון ומשקאות,17/05/2022,108,,TRUE
ציוד למחסן,הכל בדולר,לוגיסטיקה,17/05/2022,150,,TRUE
תדלוק,ביילסול,דלק,18/05/2022,250,רכב של יהודית,TRUE
קמפיין גוגל,גוגל,פרסום,18/05/2022,1500,אפריל - סער,TRUE
קרח,אייס קיובס,קרח,18/05/2022,240,20 שקים,TRUE
שכירות,אלי גלעד,שכירות,19/05/2022,4680,מאי,TRUE
מלאי,היבואן,מלאי,19/05/2022,3025,,TRUE
תדלוק,פז,דלק,22/05/2022,300,רכב של יהודית,TRUE
תדלוק,ביילסול,דלק,23/05/2022,150,רכב של אור,TRUE
מלאי,אליאסי,מלאי,23/05/2022,270,,TRUE
תדלוק,פז,דלק,24/05/2022,150,רכב של אמא,TRUE
תדלוק,ביילסול,דלק,24/05/2022,200,רכב של יהודית,TRUE
מיץ לימון,סחוטים,מיץ לימון,24/05/2022,234,,TRUE
קרח,אייס קיובס,קרח,24/05/2022,648,57 שקים,TRUE
מלאי,אקרמן,מלאי,24/05/2022,2451,,TRUE
שכפול מפתח,פאר המנעולים,לוגיסטיקה,26/05/2022,25,,TRUE
מנעול למחסן,הספקה לתעשייה,לוגיסטיקה,26/05/2022,60,,TRUE
תדלוק,סונול,דלק,26/05/2022,300,רכב של יהודית,TRUE
מלאי,היבואן,מלאי,26/05/2022,1749,,TRUE
מלאי,שימורי איכות,מלאי,26/05/2022,750,,TRUE
מלאי,היבואן,מלאי,26/05/2022,3210,,TRUE
תדלוק,ביילסול,דלק,28/05/2022,300,רכב של יהודית,TRUE
שיווק דיגיטלי,סער ברעם,פרסום,29/05/2022,2106,עבור יוני,TRUE
מיץ לימון,סחוטים,מיץ לימון,30/05/2022,175,,TRUE
מבנה בר,אחים אקהיס,לוגיסטיקה,30/05/2022,24570,,TRUE
מלאי,היבואן,מלאי,31/05/2022,483,,TRUE
קמפיין גוגל,גוגל,פרסום,01/06/2022,607,מאי,TRUE
קמפיין גוגל,גוגל,פרסום,02/06/2022,975,מאי - סער,TRUE
מלאי חירום,פז עין ורד,מלאי חירום,05/06/2022,467,אירוע 162,TRUE
תדלוק,פז עין ורד,דלק,06/06/2022,300,רכב של יהודית,TRUE
שכירות,אלי גלעד,שכירות,06/06/2022,4680,יוני,TRUE
פנסיה לעובדים,אינפיניטי,ערייה וממשלה,07/06/2022,1040,מאי,TRUE
קרח,אייס קיובס,קרח,07/06/2022,444,37,TRUE
פירות קפואים,פרי הבוסתן,מזון ומשקאות,09/06/2022,353,,TRUE
ביטוח לאומי מעסיקים,ביטוח לאומי,ערייה וממשלה,10/06/2022,1262,עבור מאי,TRUE
מלאי כוסות,ארגל,כוסות,12/06/2022,167,קופ,TRUE
מלאי כוסות,אולסייטל טריידינג,כוסות,12/06/2022,687,סניפטר + לואו בול,TRUE
מיץ לימון,סחוטים,מיץ לימון,14/06/2022,234,,TRUE
סירופ אגבה,טיב טעם יהוד,מזון ומשקאות,15/06/2022,132,,TRUE
תעודת כשרות,צהר,מנהלי,15/06/2022,702,מאי,TRUE
מלאי,היבואן,מלאי,15/06/2022,3797,,TRUE
מלאי,שימורי איכות,מלאי,15/06/2022,1822,,TRUE
תדלוק,סונול צומת רעננה,דלק,16/06/2022,240,רכב של יהודית,TRUE
תדלוק,אלון זכרון,דלק,16/06/2022,240,רכב של יהודית,TRUE
תדלוק,פז שער הגיא,דלק,23/06/2022,100,רכב של אסף,TRUE
מזון אירוע,מנטה אריה שנקר,מזון ומשקאות,23/06/2022,32,מים,TRUE
מסגרות,הכל בדולר,לוגיסטיקה,23/06/2022,45,,TRUE
קמפיין גוגל,גוגל,פרסום,27/06/2022,2184,יוני,TRUE
ציוד למחסן,הספקה לתעשייה,לוגיסטיקה,28/06/2022,14,ברגים וזווית לספידים,TRUE
שיווק דיגיטלי,סער ברעם,פרסום,29/06/2022,2106,עבור יולי,TRUE
קמפיין גוגל,גוגל,פרסום,01/07/2022,378,יתרה מיוני,TRUE
פולי קפה,אדר פתרונות קפה,מזון ומשקאות,05/07/2022,82,,TRUE
נוק בוקס,אדר פתרונות קפה,לוגיסטיקה,05/07/2022,152,,TRUE
מלאי,שימורי איכות,מלאי,05/07/2022,706,,TRUE
מלאי,היבואן,מלאי,05/07/2022,1759,,TRUE
שכירות,אלי גלעד,שכירות,06/07/2022,4680,יולי,TRUE
פנסיה לעובדים,אינפיניטי,ערייה וממשלה,11/07/2022,943.75,יוני,TRUE
פנסיה לעובדים,אינפיניטי,ערייה וממשלה,11/07/2022,943.75,יוני,TRUE
ביטוח לאומי מעסיקים,ביטוח לאומי,ערייה וממשלה,14/07/2022,821,עבור חודש יוני,TRUE
ביטוח לאומי מעסיקים,ביטוח לאומי,ערייה וממשלה,14/07/2022,293,עבור חודש יולי,TRUE
קרח,אייס קיובס,קרח,14/07/2022,384,32,TRUE
תעודת כשרות,צהר,מנהלי,15/07/2022,702,יוני,TRUE
ראיית חשבון,עידו עמרם,מנהלי,25/07/2022,1462,מאי יוני,TRUE
קמפיין גוגל,גוגל,פרסום,27/07/2022,2500,חיוב יולי,TRUE
שיווק דיגיטלי,סער ברעם,פרסום,29/07/2022,2106,עבור אוגוסט,TRUE
קמפיין גוגל,גוגל,פרסום,01/08/2022,386,חיוב יתרה,TRUE
מלאי,ארקמן,מלאי,05/08/2022,2281,,TRUE
יום טעימות,אלונית מתנח יבנה,מזון ומשקאות,06/08/2022,56,יום טעימות שהתבטל,TRUE
שכירות,אלי גלעד,שכירות,06/08/2022,4680,ארוגוסט,TRUE
מלאי מהיבואן,היבואן,מלאי מהיבואן,09/08/2022,660,,TRUE
פנסיה לעובדים,אינפיניטי,ערייה וממשלה,10/08/2022,348,יולי,TRUE
קניות לבישולים,אושר עד,מזון ומשקאות,11/08/2022,72,,TRUE
ברגים לבר,הספקה לתעשייה,לוגיסטיקה,21/08/2022,15,,TRUE
כוסות מולקולריות,סרחיו,כוסות,21/08/2022,78,,TRUE
ראצ'ט,הספקה לתעשייה,לוגיסטיקה,21/08/2022,24,,TRUE
מלאי,החברה המרכזית,מלאי,21/08/2022,866,,TRUE
מאוור,ksp,לוגיסטיקה,22/08/2022,194,,TRUE
תדלוק,ביילסול,דלק,24/08/2022,200,רכב של יהודית,TRUE
ברנר,אם די וי טרייד,לוגיסטיקה,24/08/2022,82,,TRUE
תיקון לעגלה,ציקי נגררים,לוגיסטיקה,24/08/2022,410,,TRUE
תיקון לעגלה,מכון רישוי אדיר,לוגיסטיקה,24/08/2022,135,,TRUE
מלאי,טמפו,מלאי,25/08/2022,1771,,TRUE
מלאי,שימורי איכות,מלאי,25/08/2022,408,,TRUE
מלאי מהיבואן,היבואן,מלאי מהיבואן,25/08/2022,816,,TRUE
קמפיין גוגל,גוגל,פרסום,28/08/2022,2500,אוגוסט,TRUE
מיץ לימון,סחוטים,מיץ לימון,01/09/2022,234,,TRUE
תעודת כשרות,צהר,מנהלי,05/09/2022,702,יולי,TRUE
מיץ לימון,סחוטים,מיץ לימון,05/09/2022,234,,TRUE
ראיית חשבון,עידו עמרם,מנהלי,05/09/2022,1170,יולי אוגוסט,TRUE
ביטוח לאומי מעסיקים,ביטוח לאומי,ערייה וממשלה,06/09/2022,42,עבור חודש אוגוסט,TRUE
שכירות,אלי גלעד,שכירות,06/09/2022,4680,ספטמבר,TRUE
פולי קפה,אדר פתרונות קפה,מזון ומשקאות,07/09/2022,82,,TRUE
פירות קפואים,פרי הבוסתן,מזון ומשקאות,07/09/2022,200,,TRUE
מלאי,היבואן,מלאי,07/09/2022,1006,,TRUE
מלאי,שימורי איכות,מלאי,07/09/2022,1061,,TRUE
קופסאות פלסטיק,הכל בדולר,לוגיסטיקה,08/09/2022,50,,TRUE
מלאי כוסות,אולסייל טריידינג,כוסות,08/09/2022,1119,,TRUE
קמפיין פייסבוק,פייסבוק,פרסום,09/09/2022,161,ספטמבר,TRUE
תדלוק,ביילסול,דלק,11/09/2022,200,רכב של יהודית,TRUE
מיץ לימון,סחוטים,מיץ לימון,13/09/2022,234,,TRUE
מלאי,שימורי איכות,מלאי,13/09/2022,571,,TRUE
מלאי,היבואן,מלאי,13/09/2022,3130,,TRUE
תדלוק,ביילסול,דלק,15/09/2022,200,רכב של אמא,TRUE
תדלוק,ביילסול,דלק,15/09/2022,200,רכב של יהודית,TRUE
פנסיה לעובדים,אינפיניטי,ערייה וממשלה,15/09/2022,107,אוגוסט,TRUE
קמפיין גוגל,גוגל,פרסום,19/09/2022,275,ספטמבר,TRUE
קמפיין גוגל,גוגל,פרסום,19/09/2022,954,ספטמבר,TRUE
מלאי,יין בעיר כפר שמריהו,מלאי,20/09/2022,452,,TRUE
מיץ לימון,סחוטים,מיץ לימון,22/09/2022,234,,TRUE
תדלוק,ביילסול,דלק,22/09/2022,120,רכב של אמא,TRUE
מלאי,היבואן,מלאי,22/09/2022,2021,,TRUE
תדלוק,ביילסול,דלק,23/09/2022,250,רכב של יהודית,TRUE
קרח,אייס קיובס,קרח,23/09/2022,1400,עבור 4 מילויים,TRUE
קופסאות פלסטיק,הכל בדולר,לוגיסטיקה,28/09/2022,15,,TRUE
קמפיין פייסבוק,פייסבוק,פרסום,28/09/2022,1000,ספטמבר,TRUE
סירופ אגבה,טיב טעם יהוד,מזון ומשקאות,28/09/2022,256,,TRUE
ברגים לבר,הספקה לתעשייה,לוגיסטיקה,29/09/2022,27,,TRUE
מלאי,אליאסי,מלאי,29/09/2022,734,,TRUE
קמפיין גוגל,גוגל,פרסום,01/10/2022,659,עבור ספטמבר,TRUE
דוח חניה,עריית זכרון יעקוב,ערייה וממשלה,01/10/2022,100,דוח שקיבלנו ב14/07/2022,TRUE
קשים במבוק,אניס,לוגיסטיקה,03/10/2022,119,,TRUE
אביזרים לקפה,אדר פתרונות קפה,לוגיסטיקה,03/10/2022,80,,TRUE
מלאי,היבואן,מלאי,03/10/2022,2723,,TRUE
תדלוק,ביילסול,דלק,06/10/2022,200,רכב של יהודית,TRUE
שכירות,אלי גלעד,שכירות,06/10/2022,4680,אוקטובר,TRUE
מלאי,היבואן,מלאי,06/10/2022,1179,,TRUE
קמפיין פייסבוק,פייסבוק,פרסום,09/10/2022,500,ספטמבר,TRUE
פנסיה לעובדים,אינפיניטי,ערייה וממשלה,11/10/2022,1170,ספטמבר,TRUE
פנסיה לעובדים,כלל,ערייה וממשלה,11/10/2022,618,ספטמבר,TRUE
מלאי,אושר עד בני ברק,מלאי,11/10/2022,322,,TRUE
ביטוח לאומי מעסיקים,ביטוח לאומי,ערייה וממשלה,12/10/2022,1267,עבור חודש ספטמבר,TRUE
מלאי,גרעיני פולה אשדוד,מלאי,13/10/2022,163,ערק ויין אדום,TRUE
כף לקרח,אקוויפ,לוגיסטיקה,18/10/2022,59,,TRUE
תפוז מיובש,סופר איראן,מזון ומשקאות,18/10/2022,120,,TRUE
מיץ לימון,סחוטים,מיץ לימון,18/10/2022,234,,TRUE
מלאי,היבואן,מלאי,18/10/2022,3203,,TRUE
מלאי,שימורי איכות,מלאי,18/10/2022,541,,TRUE
כפפות,הספקה לתעשייה,לוגיסטיקה,20/10/2022,35,,TRUE
טסט לעגלה,מכון רישוי אדיר,לוגיסטיקה,23/10/2022,65,,TRUE
תדלוק,ביילסול,דלק,28/10/2022,300,רכב של יהודית,TRUE
מלאי,היבואן,מלאי,31/10/2022,1645,,TRUE
קמפיין גוגל,גוגל,פרסום,01/11/2022,1742,אוקטובר,TRUE
מיץ לימון,סחוטים,מיץ לימון,03/11/2022,234,,TRUE
תדלוק,ביילסול,דלק,04/11/2022,200,רכב של יהודית,TRUE
קרח,אייס קיובס,קרח,05/11/2022,432,36 שקיות,TRUE
ביטוח לעסק,הפניקס אלמנטרי,מנהלי,06/11/2022,1214,תשלום 1/4,TRUE
שכירות,אלי גלעד,שכירות,06/11/2022,4680,נובמבר,TRUE
ביטוח לאומי מעסיקים,ביטוח לאומי,ערייה וממשלה,09/11/2022,473,עבור חודש אוקטובר,TRUE
פנסיה לעובדים,אינפיניטי,ערייה וממשלה,09/11/2022,892,אוקטובר,TRUE
קמפיין פייסבוק,פייסבוק,פרסום,10/11/2022,932,ספטמבר,TRUE
ברנר,הבית שלך,לוגיסטיקה,16/11/2022,70,שולם מאסף,TRUE
ראיית חשבון,עידו עמרם,מנהלי,21/11/2022,1287,ספטמבר אוקטובר,TRUE
ציוד משרדי,הכל בדולר,לוגיסטיקה,24/11/2022,90,,TRUE
קמפיין פייסבוק,פייסבוק,פרסום,28/11/2022,1000,ספטמבר,TRUE
מיץ לימון,סחוטים,מיץ לימון,28/11/2022,234,,TRUE
מלאי,שימורי איכות,מלאי,29/11/2022,651,,TRUE
מלאי,היבואן,מלאי,29/11/2022,1285,,TRUE
מלאי,אליאסי,מלאי,29/11/2022,220,קמפרי,TRUE
קמפיין גוגל,גוגל,פרסום,01/12/2022,1810,נובמבר,TRUE
תדלוק,ביילסול,דלק,02/12/2022,200,רכב של יהודית,TRUE
ביטוח לעסק,הפניקס אלמנטרי,מנהלי,05/12/2022,1214,תשלום 2/4,TRUE
פנסיה לעובדים,כלל,ערייה וממשלה,06/12/2022,125,נובמבר,TRUE
פנסיה לעובדים,אינפיניטי,ערייה וממשלה,06/12/2022,688,נובמבר,TRUE
ביטוח לאומי מעסיקים,ביטוח לאומי,ערייה וממשלה,06/12/2022,234,נובמבר,TRUE
שכירות,אלי גלעד,שכירות,06/12/2022,4680,דצמבר,TRUE
קמפיין פייסבוק,פייסבוק,פרסום,09/12/2022,502,נובמבר,TRUE
קרח,אייס קיובס,קרח,14/12/2022,432,36 שקיות,TRUE
מלאי,שימורי איכות,מלאי,15/12/2022,281,,TRUE
מלאי,היבואן,מלאי,15/12/2022,3000,,TRUE
מלאי,טמפו,מלאי,19/12/2022,1100,,TRUE
מנעול למכולה,הספקה לתעשייה,לוגיסטיקה,22/12/2022,122,,TRUE
מלאי,היבואן,מלאי,27/12/2022,1900,,TRUE
חשבונות,אלי גלעד,מנהלי,28/12/2022,800,יוני - דצמבר כולל. מונה החשמל ב 07/11/2022 היה 1326,TRUE
קמפיין גוגל,גוגל,פרסום,01/01/2023,1581,דצמבר,TRUE
ביטוח לעסק,הפניקס אלמנטרי,מנהלי,05/01/2023,1214,תשלום 3/4,TRUE
שכירות,אלי גלעד,שכירות,06/01/2023,4680,ינואר,TRUE
קמפיין פייסבוק,פייסבוק,פרסום,07/01/2023,759,דצמבר,TRUE
אחסון אתר,MY HOST,מנהלי,07/01/2023,407,שנתי,TRUE
פנסיה לעובדים,כלל,ערייה וממשלה,10/01/2023,143,דצמבר,TRUE
פנסיה לעובדים,אינפיניטי,ערייה וממשלה,10/01/2023,492,דצמבר,TRUE
ביטוח לאומי מעסיקים,ביטוח לאומי,ערייה וממשלה,12/01/2023,500,דצמבר,TRUE
פירות קפואים,פרי הבוסתן,מזון ומשקאות,16/01/2023,260,,TRUE
ראיית חשבון,עידו עמרם,מנהלי,16/01/2023,1287,נובמבר דצמבר,TRUE
מנוי שנתי חשבונית ירוקה,חשבונית ירוקה,מנהלי,17/01/2023,336,,TRUE
בקבוקי זכוכית,י.ש.ר אריזות,לוגיסטיקה,17/01/2023,147,,TRUE
מיץ לימון,סחוטים,מיץ לימון,19/01/2023,234,,TRUE
תדלוק,ביילסול,דלק,19/01/2023,200,רכב של יהודית,TRUE
אקדח מים לצינור,הספקה לתעשייה,לוגיסטיקה,19/01/2023,47,,TRUE
ציוד בר ודקורציה,aliexpress,לוגיסטיקה,20/01/2023,1356,,TRUE
מצרכים לבצ'ים,אושר עד,מזון ומשקאות,24/01/2023,222,,TRUE
חשבונות לאתגר,אתגר פרחים,מנהלי,26/01/2023,500,מד החשמל במכולה נכון לתאריך זה הוא 01002.2,TRUE
קמפיין גוגל,גוגל,פרסום,03/02/2023,1896,ינואר,TRUE
ביטוח לעסק,הפניקס אלמנטרי,מנהלי,05/02/2023,1214,תשלום 4/4,TRUE
שכירות,אלי גלעד,שכירות,06/02/2023,4680,פברואר,TRUE
פנסיה לעובדים,אינפיניטי,ערייה וממשלה,12/02/2023,116,ינואר,TRUE
וו לעגלה,אא נגררים,לוגיסטיקה,16/02/2023,1872,,TRUE
מקרר,מאכר בני ברק,לוגיסטיקה,21/02/2023,1170,,TRUE
מלאי כוסות,אולסייל טריידינג,כוסות,21/02/2023,190,,TRUE
כיריים,מחסני חשמל,לוגיסטיקה,21/02/2023,293,,TRUE
מלאי כוסות,ארגל,כוסות,21/02/2023,312,,TRUE
מלאי,שימורי איכות,מלאי,21/02/2023,2399,,TRUE
כבל מאריך,טמבוריה פלוס,לוגיסטיקה,23/02/2023,69,שולם מאסף,TRUE
תדלוק,ביילסול,דלק,24/02/2023,200,רכב של אמא,TRUE
צידנית 45 ליטר קולמן,חגור שופס,לוגיסטיקה,26/02/2023,319,,TRUE
מיץ לימון,סחוטים,מיץ לימון,27/02/2023,585,,TRUE
דולי,גליל גום,לוגיסטיקה,28/02/2023,614,שולם מאסף,TRUE
תדלוק,פז רמת גן,דלק,01/03/2023,107,מאזדה,TRUE
ספרות קרמל,סרחיו,מזון ומשקאות,02/03/2023,72,,TRUE
פירות קפואים,פרי הבוסתן,מזון ומשקאות,02/03/2023,146,,TRUE
קרח,אייס קיובס,קרח,02/03/2023,432,,TRUE
קמפיין גוגל,גוגל,פרסום,03/03/2023,547,פברואר,TRUE
קרח,אייס קיובס,קרח,04/03/2023,420,,TRUE
תדלוק,פז קרית אונו,דלק,05/03/2023,100,רכב של אמא,TRUE
קשים פלסטיק,JACKY,לוגיסטיקה,05/03/2023,75,,TRUE
מלאי,אליאסי,מלאי,05/03/2023,220,,TRUE
שכירות,אלי גלעד,שכירות,06/03/2023,4680,מרץ,TRUE
תדלוק,דלק כפר אדומים,דלק,07/03/2023,200,,TRUE
שיפודים לקוקטיילים,aliexpress,לוגיסטיקה,08/03/2023,46,,TRUE
פנסיה לעובדים,אינפיניטי,ערייה וממשלה,13/03/2023,116,פברואר,TRUE
מכס,מכס,ערייה וממשלה,13/03/2023,195,עבור שמפניירות,TRUE
מלאי,שימורי איכות,מלאי,13/03/2023,1363,,TRUE
מלאי,היבואן,מלאי,13/03/2023,2516,,TRUE
מלאי,היבואן,מלאי,15/03/2023,9908,,TRUE
עניבות פפיון,aliexpress,לוגיסטיקה,23/03/2023,42,,TRUE
מיץ לימון,סחוטים,מיץ לימון,27/03/2023,234,,TRUE
קופסאות פלסטיק,הכל בדולר,לוגיסטיקה,30/03/2023,59,,TRUE
רצועת ראצ'ט,הספקה לתעשייה,לוגיסטיקה,30/03/2023,32,,TRUE
שכירות,אלי גלעד,שכירות,01/04/2023,4680,אפריל,TRUE
פנסיה לעובדים,אינפיניטי,ערייה וממשלה,02/04/2023,1444,מרץ,TRUE
ראיית חשבון,עידו עמרם,מנהלי,02/04/2023,1170,ינואר-פברואר,TRUE
פנסיה לעובדים,אינפיניטי,ערייה וממשלה,02/04/2023,116,אפריל,TRUE
פנסיה לעובדים,כלל,ערייה וממשלה,02/04/2023,176,אפריל,TRUE
ביטוח לאומי מעסיקים,ביטוח לאומי,ערייה וממשלה,03/04/2023,835,מרץ,TRUE
קמפיין גוגל,גוגל,פרסום,03/04/2023,707,מרץ,TRUE
מלאי,היבואן,מלאי,03/04/2023,2869,,TRUE
מלאי,היבואן,מלאי,16/04/2023,1585,,TRUE
סירופ אגבה,טבע קסטל,מזון ומשקאות,17/04/2023,108,,TRUE
חבית עץ,aliexpress,לוגיסטיקה,21/04/2023,274,,TRUE
תיקון מקפיא,FIX פתרונות קירור,לוגיסטיקה,21/04/2023,300,,TRUE
שכפול מפתחות,טמבוריה +,לוגיסטיקה,21/04/2023,48,,TRUE
מלאי,ייקבי כרמל,מלאי,27/04/2023,2021.76,,TRUE
קרח,אייס קיובס,קרח,27/04/2023,480,,TRUE
מיץ לימון,סחוטים,מיץ לימון,01/05/2023,234,,TRUE
שכירות,אלי גלעד,שכירות,01/05/2023,4680,מאי,TRUE
קמפיין גוגל,גוגל,פרסום,03/05/2023,533,אפריל,TRUE
מיץ לימון,סחוטים,מיץ לימון,05/05/2023,255,,TRUE
קשים,aliexpress,לוגיסטיקה,07/05/2023,240,,TRUE
אגרטלים,aliexpress,לוגיסטיקה,07/05/2023,80,,TRUE
תפוז מיובש ולימון מיובש,סופר איראן,מזון ומשקאות,18/05/2023,300,,TRUE
מלאי,היבואן,מלאי,18/05/2023,4892,,TRUE
ליקר סוז לנגרוני,אליאסי,מזון ומשקאות,22/05/2023,90,,TRUE
שכירות,אלי גלעד,שכירות,01/06/2023,4680,יוני,TRUE
קמפיין גוגל,גוגל,פרסום,03/06/2023,2619,מאי,TRUE
מפיות קוקטייל,"ים כלים חד""פ",לוגיסטיקה,05/06/2023,180,,TRUE
מלאי,שימורי איכות,מלאי,06/06/2023,450,,TRUE
מלאי,היבואן,מלאי,06/06/2023,264,,TRUE
דלק,ביילסול,דלק,09/06/2023,200,אוטו של יהודית,TRUE
קניות לבצ'ים,אושר עד,מזון ומשקאות,11/06/2023,120,,TRUE
פנסיה לעובדים,אינפיניטי,ערייה וממשלה,13/06/2023,223,מאי,TRUE
פנסיה לעובדים,כלל,ערייה וממשלה,13/06/2023,70,מאי,TRUE
דלק,ביילסול,דלק,15/06/2023,218,אוטו של יהודית,TRUE
דלק,פז קרית אריה,דלק,16/06/2023,200,פורסטר,TRUE
חשבונות,אלי גלעד,מנהלי,16/06/2023,693,מד החשמל במחסן נכון לתאריך 16/05/2023 הוא 2066.0 מד המים במחסן נכון לאותו תאריך הוא 24.3,TRUE
ראיית חשבון,עידו עמרם,מנהלי,16/06/2023,1287,מרץ-אפריל,TRUE
מיץ לימון,סחוטים,מיץ לימון,19/06/2023,257,,TRUE
קרח,אייס קיובס,קרח,19/06/2023,480,,TRUE
מלאי,היבואן,מלאי,20/06/2023,3849,,TRUE
מלאי,שימורי איכות,מלאי,20/06/2023,1195,,TRUE
"כוסות חד""פ",אור פעמית,לוגיסטיקה,22/06/2023,47,,TRUE
מלאי,ייקבי כרמל,מלאי,22/06/2023,1600,,TRUE
דלק,פז קרית אונו,דלק,24/06/2023,400,אוטו של יהודית,TRUE
שכירות,אלי גלעד,שכירות,01/07/2023,4680,יולי,TRUE
קמפיין גוגל,גוגל,פרסום,03/07/2023,1761,יוני,TRUE
קפסולות קפה,אספרסו אלבסל,מזון ומשקאות,06/07/2023,170,,TRUE
פנסיה לעובדים,אינפיניטי,ערייה וממשלה,09/07/2023,232,יוני,TRUE
פנסיה לעובדים,כלל,ערייה וממשלה,09/07/2023,195,יוני,TRUE
החלפת גלגל עגלה,,לוגיסטיקה,10/07/2023,270,,TRUE
ביטוח שנתי עגלה,איילון ביטוח,מנהלי,10/07/2023,410,,TRUE
מלאי כוסות,ארגל,לוגיסטיקה,11/07/2023,686,,TRUE
קרח,אייס קיובס,קרח,12/07/2023,465,,TRUE
מלאי,שימורי איכות,מלאי,25/07/2023,537,,TRUE
נגרוני בחבית,כללי,מזון ומשקאות,27/07/2023,175,,TRUE
מלאי,היבואן,מלאי,30/07/2023,3479,,TRUE
שכירות,אלי גלעד,שכירות,01/08/2023,4680,אוגוסט,TRUE
שכירות,אלי גלעד,שכירות,01/08/2023,4680,אוגוסט,TRUE
דלק,פז קרית אונו,דלק,02/08/2023,100,רכב של אסף החזר על פגישת ספקים לאירוע 01/09,TRUE
דואר רשום,דואר ישראל,מנהלי,02/08/2023,23,,TRUE
קמפיין גוגל,גוגל,פרסום,03/08/2023,2908,יולי,TRUE
תיקון מכונת קפה,עוז סוכנות קפה,לוגיסטיקה,09/08/2023,1600,בוצעה החלפת כרטיס חשמל,TRUE
מלאי,היבואן,מלאי,09/08/2023,1766,,TRUE
פנסיה לעובדים,אינפיניטי,ערייה וממשלה,10/08/2023,232,יולי,TRUE
דלק,פז קרית אונו,דלק,11/08/2023,200,פורסטר,TRUE
ראיית חשבון,עידו עמרם,מנהלי,14/08/2023,1170,מאי-יוני,TRUE
מלאי,טמפו,מלאי,14/08/2023,1363,שולם בתאריך 10/9/23,TRUE
קניות לבצ'ים,כללי,מזון ומשקאות,15/08/2023,105,,TRUE
טפיוקה,סרחיו,מזון ומשקאות,15/08/2023,70.2,,TRUE
מים למחסן,AM PM קרית אונו,מזון ומשקאות,15/08/2023,33,,TRUE
מיץ לימון,סחוטים,מיץ לימון,15/08/2023,257,,TRUE
ציוד רפואי,סופר פארם יכין,לוגיסטיקה,17/08/2023,31,,TRUE
פירות קפואים,פרי הבוסתן,מזון ומשקאות,17/08/2023,281,שולם ב 29/08/2023,TRUE
אגרטלים,פרחי תמר,לוגיסטיקה,18/08/2023,80,שולם מאסף,TRUE
ארוחה,זליג קרית אונו,מזון ומשקאות,21/08/2023,196,אסף ודניאל,TRUE
ציוד בר ודקורציה,aliexpress,לוגיסטיקה,23/08/2023,177,,TRUE
פיילות פלסטיק,ארגל,לוגיסטיקה,24/08/2023,1130,,TRUE
קרח,אייס קיובס,קרח,24/08/2023,480,שולם מהמזומן של אירוע 01/09/2023 בזיקים,TRUE
מלאי,אקרמן,מלאי,27/08/2023,1982,שולם בתאריך 10/9/23,TRUE
כוסות צ'ייסר,שימורי איכות,לוגיסטיקה,28/08/2023,175.5,,TRUE
פגישת ספקים,ארקפה קרית אונו,מזון ומשקאות,28/08/2023,43,,TRUE
ארוחה,יוסי של פלאפל,מזון ומשקאות,28/08/2023,82,אסף ודניאל,TRUE
מיץ לימון,סחוטים,מיץ לימון,28/08/2023,257,נקנו 4 ג'ריקנים התשלום בוצע בתאריך 10/09/23 במזומן,TRUE
קפסולות קפה,אספרסו אלבסל,מזון ומשקאות,29/08/2023,170,,TRUE
מלאי,שימורי איכות,מלאי,29/08/2023,1605.5,,TRUE
מפצל,טמבוריה פלוס,לוגיסטיקה,30/08/2023,50,,TRUE
ציוד למחסן,הספקה לתעשייה,לוגיסטיקה,31/08/2023,66,ספריי הדברה,TRUE
קמפיין גוגל,גוגל,פרסום,01/09/2023,2115,אוגוסט,TRUE
שכירות,אלי גלעד,שכירות,01/09/2023,4680,ספטמבר,TRUE
אגרה שנתית לכשרות,מועצה דתית פתח תקווה,מנהלי,05/09/2023,815,שולם מאסף,TRUE
דלק,סונול מכבים,דלק,05/09/2023,100,מאזדה,TRUE
מלאי,שימורי איכות,מלאי,05/09/2023,384,,TRUE
מלאי,שימורי איכות,מלאי,05/09/2023,995,,TRUE
לימון מיובש,סופר איראן,לוגיסטיקה,06/09/2023,300,,TRUE
פנסיה לעובדים,אינפיניטי,ערייה וממשלה,10/09/2023,663,יולי,TRUE
מיץ לימון,סחוטים,מיץ לימון,10/09/2023,386.1,נקנו 6 ג'ריקנים התשלום בוצע במזומן גם על הקנייה הקודמת מ28/08,TRUE
מלאי,סמוקינג אנד דרינקס,מלאי,11/09/2023,260,ליקר ושניאק,TRUE
מלאי,היבואן,מלאי,11/09/2023,800,שולם במזומן וירד מהחוב,TRUE
דלק,ביילסול,דלק,13/09/2023,330,טרנספורטר,TRUE
קרח,אייס קיובס,קרח,18/09/2023,480,,TRUE
פגישת ספקים,סי קפה קיבוץ עינת,מנהלי,20/09/2023,57,,TRUE
קמפיין גוגל,גוגל,פרסום,20/09/2023,2500,ספטמבר,TRUE
קמפיין גוגל,גוגל,פרסום,21/09/2023,2500,ספטמבר,TRUE
ראיית חשבון,עידו עמרם,מנהלי,22/09/2023,1170,יולי-אוגוסט,TRUE
תבלינים,תבלינסקי,מזון ומשקאות,27/09/2023,30,,TRUE
מלאי,היבואן,מלאי,28/09/2023,14632,אלכוהול לספטמבר,TRUE
מלאי,היבואן,מלאי,28/09/2023,4315,,TRUE
פולי קפה,אלכסנדר,מזון ומשקאות,01/10/2023,140,,TRUE
פירות קפואים,אלכסנדר,מזון ומשקאות,01/10/2023,65,,TRUE
מסגרת לתפריט,צילום דן,לוגיסטיקה,01/10/2023,41,,TRUE
מסגרת לתפריט,הכל בדולר,לוגיסטיקה,01/10/2023,30,,TRUE
סוכר,אושר עד,מזון ומשקאות,01/10/2023,98,20 קילו,TRUE
שכירות,אלי גלעד,שכירות,01/10/2023,4680,אוקטובר,TRUE
קמפיין גוגל,גוגל,פרסום,01/10/2023,793,ספטמבר,TRUE
מיץ לימון,סחוטים,מיץ לימון,02/10/2023,257,,TRUE
תיקון גלגל לעגלה,ציקי נגררים,לוגיסטיקה,02/10/2023,176,,TRUE
דלק,ביילסול,דלק,02/10/2023,200,רכב של יהודית,TRUE
קשים מבמבוק,בלו הונה,לוגיסטיקה,03/10/2023,561,,TRUE
ציוד בר ודקורציה,aliexpress,לוגיסטיקה,03/10/2023,173,,TRUE
ביטוח,הפניקס אלמנטרי,מנהלי,05/10/2023,1050,תשלום 1/5,TRUE
קמפיין פייסבוק,גוגל,פרסום,10/10/2023,824,ספטמבר,TRUE
קמפיין גוגל,גוגל,פרסום,01/11/2023,713,ספטמבר,TRUE
ציוד למחסן,הספקה לתעשייה,לוגיסטיקה,01/11/2023,175,,TRUE
שכירות,אלי גלעד,שכירות,01/11/2023,4680,נובמבר,TRUE
ביטוח,הפניקס אלמנטרי,מנהלי,05/11/2023,1050,תשלום 2/5,TRUE
שכירות,אלי גלעד,שכירות,01/12/2023,4680,דצמבר,TRUE
ביטוח,הפניקס אלמנטרי,מנהלי,05/12/2023,1050,תשלום 3/5,TRUE
ציוד למחסן,סי מדה,לוגיסטיקה,06/12/2023,140,ג'ריקנים,TRUE
ראיית חשבון,עידו עמרם,מנהלי,12/12/2023,702,אוקטובר - נובמבר,TRUE
פירות קפואים,פרי הבוסתן,מזון ומשקאות,18/12/2023,213,,TRUE
קמפיין גוגל,גוגל,פרסום,01/01/2024,2500,דצמבר,TRUE
שכירות,אלי גלעד,שכירות,01/01/2024,4680,ינואר,TRUE
ביטוח,הפניקס אלמנטרי,מנהלי,05/01/2024,1050,תשלום 4/5,TRUE
קמפיין גוגל,גוגל,פרסום,01/02/2024,2212,ינואר,TRUE
שכירות,אלי גלעד,שכירות,01/02/2024,4680,פברואר,TRUE
ביטוח,הפניקס אלמנטרי,מנהלי,05/02/2024,1050,תשלום 5/5,TRUE
ציוד בר ודקורציה,aliexpress,לוגיסטיקה,12/02/2024,180,,TRUE
מנוי שנתי חשבונית ירוקה,חשבונית ירוקה,מנהלי,14/02/2024,337,,TRUE
ג'ריקנים למחבן,סי מדה,לוגיסטיקה,15/02/2024,94,,TRUE
מלאי,שימורי איכות,מלאי,18/02/2024,1606,,TRUE
מיץ לימון,סחוטים,מיץ לימון,21/02/2024,257,,TRUE
ציוד בר ודקורציה,אולסייל טריידינג,לוגיסטיקה,21/02/2024,600,,TRUE
קמפיין גוגל,גוגל,פרסום,22/02/2024,2500,פברואר,TRUE
דלק,סונול השחם,דלק,24/02/2024,200,,TRUE
קרח,אייס קיובס,קרח,28/02/2024,420,,TRUE
שכירות,אלי גלעד,שכירות,01/03/2024,4680,מרץ,TRUE
ציוד בר ודקורציה,aliexpress,לוגיסטיקה,01/03/2024,130,,TRUE
קמפיין גוגל,גוגל,פרסום,01/03/2024,671,פברואר,TRUE
אגרת רשיון רכב נגרר,משרד התחבורה,מנהלי,06/03/2024,73,,TRUE
תיקון נגרר,א.א נגררים,לוגיסטיקה,12/03/2024,9788,,TRUE
מיץ לימון,סחוטים,מיץ לימון,18/03/2024,386,,TRUE
פירות קפואים,פרי הבוסתן,מזון ומשקאות,19/03/2024,372,,TRUE
קרח,אייס קיובס,קרח,20/03/2024,480,,TRUE
קמפיין גוגל,גוגל,פרסום,26/03/2024,2500,מרץ,TRUE
קמפיין גוגל,גוגל,פרסום,01/04/2024,2500,יתרה ממרץ,TRUE
שכירות,אלי גלעד,שכירות,01/04/2024,4680,אפריל,TRUE
מלאי,אחת שתיים שלוש,מלאי,08/04/2024,6070,,TRUE
מלאי,היבואן,מלאי,09/04/2024,3454,,TRUE
מלאי,שימורי איכות,מלאי,11/04/2024,2335,,TRUE
ראיית חשבון,עידו עמרם,מנהלי,15/04/2024,936,ינואר פברואר,TRUE
מיץ לימון,סחוטים,מיץ לימון,18/04/2024,386,,TRUE
קמפיין גוגל,גוגל,פרסום,24/04/2024,2500,אפריל,TRUE
השכרת עגלה,ציקי נגררים,לוגיסטיקה,24/04/2024,250,,TRUE
שכירות,אלי גלעד,שכירות,01/05/2024,4680,מאי,TRUE
קמפיין גוגל,גוגל,פרסום,01/05/2024,2500,יתרה מאפריל,TRUE
מלאי,ייקבי כרמל,מלאי,02/05/2024,3387,שולם בתאריך 31/07/2024,TRUE
מיץ לימון,סחוטים,מיץ לימון,06/05/2024,386,,TRUE
פירות קפואים,פרי הבוסתן,מזון ומשקאות,06/05/2024,329,,TRUE
ציוד למחסן,אולסייל טריידינג,לוגיסטיקה,06/05/2024,947,,TRUE
גרנישים,סופר איראן,מזון ומשקאות,06/05/2024,150,,TRUE
דוח תנועה,עריית בני ברק,ערייה וממשלה,06/05/2024,822,דוח נתצ מ 17/06/2022,TRUE
מיץ לימון,סחוטים,מיץ לימון,06/05/2024,257,,TRUE
מלאי,אחת שתיים שלוש,מלאי,06/05/2024,3234,,TRUE
מלאי,שימורי איכות,מלאי,07/05/2024,2488,,TRUE
מלאי,היבואן,מלאי,08/05/2024,3163,,TRUE
עזרה ראשונה,סופרפארם,לוגיסטיקה,09/05/2024,48,,TRUE
קופסאות פלסטיק,הכל בדולר,לוגיסטיקה,09/05/2024,35,,TRUE
קרח,אייס קיובס,קרח,20/05/2024,450,,TRUE
סירופ אגבה,ניצת הדובדבן,50,21/05/2024,50,,TRUE
סוכר,BOOM ראשלצ,45,21/05/2024,45,,TRUE
קמפיין גוגל,גוגל,פרסום,24/05/2024,2500,מאי,TRUE
מלאי,שימורי איכות,מלאי,26/05/2024,826,,TRUE
מלאי,שימורי איכות,מלאי,28/05/2024,177,,TRUE
העברת מחסן,כללי,לוגיסטיקה,01/06/2024,1050,,TRUE
ציוד אינסטלציה,כל בו יוספי,לוגיסטיקה,01/06/2024,100,להעברת מחסן,TRUE
קמפיין גוגל,גוגל,פרסום,01/06/2024,1224,יתרה ממאי,TRUE
כיור נירוסטה,שלומי,לוגיסטיקה,06/06/2024,1200,,TRUE
חשמלאי למחסן,שלומי,לוגיסטיקה,06/06/2024,1000,עבור שקע תלת פאזי למחסן + שקעים. שולם לאלי במזומן,TRUE
ציוד אינסטלציה,הספקה לתעשייה,לוגיסטיקה,06/06/2024,432,להעברת מחסן,TRUE
שכירות,אלי,מנהלי,10/06/2024,5900,יוני,TRUE
קרח,אייס קיובס,קרח,10/06/2024,533,,TRUE
מלאי כוסות,ארגל,לוגיסטיקה,16/06/2024,990,,TRUE
דלק,פז קרית אריה,דלק,19/06/2024,160,מאזדה,TRUE
חשבונות לאלי וגלעד,אלי גלעד,מנהלי,23/06/2024,1400,מד החשמל במחסן נכון לתאריך 01/06/2024 הוא 4087 מד המים במחסן נכון לאותו תאריך הוא 30.8,TRUE
ביטוח רכב נגרר,הפניקס אלמנטרי,מנהלי,23/06/2024,422,ביטוח חובה,TRUE
חומרים לג'לי,סרחיו,מזון ומשקאות,27/06/2024,120,,TRUE
קמפיין גוגל,גוגל,פרסום,01/07/2024,2200,פרסום יוני,TRUE
קמפיין גוגל,גוגל,פרסום,01/07/2024,1991,פרסום יולי,TRUE
ראיית חשבון,עידו עמרם,מנהלי,02/07/2024,1872,מרץ - אפריל - מאי - יוני,TRUE
ראיית חשבון,עידו עמרם,מנהלי,02/07/2024,468,יולי,TRUE
מלאי,אחת שתיים שלוש,מלאי,02/07/2024,3123,שולם בתאריך 31/07/2024,TRUE
חומרי גלם לג'לי,סרחיו,מזון ומשקאות,03/07/2024,137,,TRUE
חומרי גלם לבישולים,סופר יודה,מזון ומשקאות,03/07/2024,42,,TRUE
גרנישים,תבליני כוחלני,לוגיסטיקה,04/07/2024,60,,TRUE
בוקסה למברגה,כל בו יוספי,לוגיסטיקה,04/07/2024,30,,TRUE
מים למחסן,יילו קרית אונו,מזון ומשקאות,06/07/2024,45,,TRUE
חומרי גלם לג'לי,סרחיו,מזון ומשקאות,08/07/2024,51,,TRUE
שכירות,אלי,מנהלי,10/07/2024,5900,יולי,TRUE
חומרי גלם לג'לי,א. חייק איציק,מזון ומשקאות,14/07/2024,25,,TRUE
חומרי גלם לג'לי,רוסולינג,לוגיסטיקה,22/07/2024,118,,TRUE
חומרי גלם לבישולים,עולם הירק,מזון ומשקאות,23/07/2024,35,,TRUE
מלאי,אחת שתיים שלוש,מלאי,05/08/2024,1215,,TRUE
שכירות,אלי,מנהלי,10/08/2024,5900,אוגוסט,TRUE
קרח,אייס קיובס,קרח,12/08/2024,520,,TRUE
קרח,אייס קיובס,קרח,18/08/2024,260,,TRUE
פלקסיג'ל,סרחיו,מזון ומשקאות,19/08/2024,120,,TRUE
קמפיין גוגל,גוגל,פרסום,26/08/2024,2500,פרסום אוגוסט,TRUE
גרנישים,סופר איראן,מזון ומשקאות,30/08/2024,43,ורד מיובש,TRUE
ראיית חשבון,עידו עמרם,מנהלי,30/08/2024,468,אוגוסט,TRUE
ראיית חשבון,עידו עמרם,מנהלי,30/08/2024,468,ספטמבר,TRUE
ביטוח,הפניקס אלמנטרי,מנהלי,01/09/2024,1162,תשלום 1/5,TRUE
קמפיין גוגל,גוגל,פרסום,01/09/2024,856,פרסום אוגוסט,TRUE
מלאי,אחת שתיים שלוש,מלאי,02/09/2024,1570,,TRUE
דלק,פז קרית אונו,דלק,03/09/2024,150,רכב של אסף,TRUE
קיר ג'לי,דייגו,לוגיסטיקה,03/09/2024,4680,,TRUE
ציוד לקיט ג'לי,הכל בדולר,לוגיסטיקה,04/09/2024,145,,TRUE
סוכר,אושר עד,מזון ומשקאות,04/09/2024,150,,TRUE
שכירות,אלי גלעד,שכירות,01/10/2024,4680,אוקטובר,TRUE
קמפיין גוגל,גוגל,פרסום,01/10/2024,305,פרסום ספטמבר,TRUE
מיץ לימון,סחוטים,מיץ לימון,02/10/2024,257,,TRUE
תיקון גלגל לעגלה,ציקי נגררים,לוגיסטיקה,02/10/2024,176,,TRUE
דלק,ביילסול,דלק,02/10/2024,200,רכב של יהודית,TRUE
קשים מבמבוק,בלו הונה,לוגיסטיקה,03/10/2024,561,,TRUE
ציוד בר ודקורציה,aliexpress,לוגיסטיקה,03/10/2024,173,,TRUE
ביטוח,הפניקס אלמנטרי,מנהלי,05/10/2024,1050,תשלום 1/5,TRUE
קמפיין פייסבוק,גוגל,פרסום,10/10/2024,824,ספטמבר,TRUE
קמפיין גוגל,גוגל,פרסום,01/11/2024,713,ספטמבר,TRUE
ציוד למחסן,הספקה לתעשייה,לוגיסטיקה,01/11/2024,175,,TRUE
שכירות,אלי גלעד,שכירות,01/11/2024,4680,נובמבר,TRUE
ביטוח,הפניקס אלמנטרי,מנהלי,05/11/2024,1050,תשלום 2/5,TRUE
שכירות,אלי גלעד,שכירות,01/12/2024,4680,דצמבר,TRUE
ביטוח,הפניקס אלמנטרי,מנהלי,05/12/2024,1050,תשלום 3/5,TRUE
ציוד למחסן,סי מדה,לוגיסטיקה,06/12/2024,140,ג'ריקנים,TRUE
ראיית חשבון,עידו עמרם,מנהלי,12/12/2024,702,אוקטובר - נובמבר,TRUE
פירות קפואים,פרי הבוסתן,מזון ומשקאות,18/12/2024,213,,TRUE
קמפיין גוגל,גוגל,פרסום,01/01/2025,2500,דצמבר,TRUE
שכירות,אלי גלעד,שכירות,01/01/2025,4680,ינואר,TRUE
ביטוח,הפניקס אלמנטרי,מנהלי,05/01/2025,1050,תשלום 4/5,TRUE
קמפיין גוגל,גוגל,פרסום,01/02/2025,2212,ינואר,TRUE
שכירות,אלי גלעד,שכירות,01/02/2025,4680,פברואר,TRUE
ביטוח,הפניקס אלמנטרי,מנהלי,05/02/2025,1050,תשלום 5/5,TRUE
ציוד בר ודקורציה,aliexpress,לוגיסטיקה,12/02/2025,180,,TRUE
מנוי שנתי חשבונית ירוקה,חשבונית ירוקה,מנהלי,14/02/2025,337,,TRUE
ג'ריקנים למחבן,סי מדה,לוגיסטיקה,15/02/2025,94,,TRUE
מלאי,שימורי איכות,מלאי,18/02/2025,1606,,TRUE
מיץ לימון,סחוטים,מיץ לימון,21/02/2025,257,,TRUE
ציוד בר ודקורציה,אולסייל טריידינג,לוגיסטיקה,21/02/2025,600,,TRUE
קמפיין גוגל,גוגל,פרסום,22/02/2025,2500,פברואר,TRUE
דלק,סונול השחם,דלק,24/02/2025,200,,TRUE
קרח,אייס קיובס,קרח,28/02/2025,420,,TRUE
שכירות,אלי גלעד,שכירות,01/03/2025,4680,מרץ,TRUE
ציוד בר ודקורציה,aliexpress,לוגיסטיקה,01/03/2025,130,,TRUE
קמפיין גוגל,גוגל,פרסום,01/03/2025,671,פברואר,TRUE
אגרת רשיון רכב נגרר,משרד התחבורה,מנהלי,06/03/2025,73,,TRUE
תיקון נגרר,א.א נגררים,לוגיסטיקה,12/03/2025,9788,,TRUE
מיץ לימון,סחוטים,מיץ לימון,18/03/2025,386,,TRUE
פירות קפואים,פרי הבוסתן,מזון ומשקאות,19/03/2025,372,,TRUE
קרח,אייס קיובס,קרח,20/03/2025,480,,TRUE
קמפיין גוגל,גוגל,פרסום,26/03/2025,2500,מרץ,TRUE
קמפיין גוגל,גוגל,פרסום,01/04/2025,2500,יתרה ממרץ,TRUE
שכירות,אלי גלעד,שכירות,01/04/2025,4680,אפריל,TRUE
מלאי,אחת שתיים שלוש,מלאי,08/04/2025,6070,,TRUE
מלאי,היבואן,מלאי,09/04/2025,3454,,TRUE
מלאי,שימורי איכות,מלאי,11/04/2025,2335,,TRUE
ראיית חשבון,עידו עמרם,מנהלי,15/04/2025,936,ינואר פברואר,TRUE
מיץ לימון,סחוטים,מיץ לימון,18/04/2025,386,,TRUE
קמפיין גוגל,גוגל,פרסום,24/04/2025,2500,אפריל,TRUE
השכרת עגלה,ציקי נגררים,לוגיסטיקה,24/04/2025,250,,TRUE
שכירות,אלי גלעד,שכירות,01/05/2025,4680,מאי,TRUE
קמפיין גוגל,גוגל,פרסום,01/05/2025,2500,יתרה מאפריל,TRUE
מלאי,ייקבי כרמל,מלאי,02/05/2025,3387,שולם בתאריך 31/07/2024,TRUE
מיץ לימון,סחוטים,מיץ לימון,06/05/2025,386,,TRUE
פירות קפואים,פרי הבוסתן,מזון ומשקאות,06/05/2025,329,,TRUE
ציוד למחסן,אולסייל טריידינג,לוגיסטיקה,06/05/2025,947,,TRUE
גרנישים,סופר איראן,מזון ומשקאות,06/05/2025,150,,TRUE
דוח תנועה,עריית בני ברק,ערייה וממשלה,06/05/2025,822,דוח נתצ מ 17/06/2022,TRUE
מיץ לימון,סחוטים,מיץ לימון,06/05/2025,257,,TRUE
מלאי,אחת שתיים שלוש,מלאי,06/05/2025,3234,,TRUE
מלאי,שימורי איכות,מלאי,07/05/2025,2488,,TRUE
מלאי,היבואן,מלאי,08/05/2025,3163,,TRUE
עזרה ראשונה,סופרפארם,לוגיסטיקה,09/05/2025,48,,TRUE
קופסאות פלסטיק,הכל בדולר,לוגיסטיקה,09/05/2025,35,,TRUE
קרח,אייס קיובס,קרח,20/05/2025,450,,TRUE
סירופ אגבה,ניצת הדובדבן,50,21/05/2025,50,,TRUE
סוכר,BOOM ראשלצ,45,21/05/2025,45,,TRUE
קמפיין גוגל,גוגל,פרסום,24/05/2025,2500,מאי,TRUE
מלאי,שימורי איכות,מלאי,26/05/2025,826,,TRUE
מלאי,שימורי איכות,מלאי,28/05/2025,177,,TRUE
העברת מחסן,כללי,לוגיסטיקה,01/06/2025,1050,,TRUE
ציוד אינסטלציה,כל בו יוספי,לוגיסטיקה,01/06/2025,100,להעברת מחסן,TRUE
קמפיין גוגל,גוגל,פרסום,01/06/2025,1224,יתרה ממאי,TRUE
כיור נירוסטה,שלומי,לוגיסטיקה,06/06/2025,1200,,TRUE
חשמלאי למחסן,שלומי,לוגיסטיקה,06/06/2025,1000,עבור שקע תלת פאזי למחסן + שקעים. שולם לאלי במזומן,TRUE
ציוד אינסטלציה,הספקה לתעשייה,לוגיסטיקה,06/06/2025,432,להעברת מחסן,TRUE
שכירות,אלי,מנהלי,10/06/2025,5900,יוני,TRUE
קרח,אייס קיובס,קרח,10/06/2025,533,,TRUE
מלאי כוסות,ארגל,לוגיסטיקה,16/06/2025,990,,TRUE
דלק,פז קרית אריה,דלק,19/06/2025,160,מאזדה,TRUE
חשבונות לאלי וגלעד,אלי גלעד,מנהלי,23/06/2025,1400,מד החשמל במחסן נכון לתאריך 01/06/2025 הוא 4087 מד המים במחסן נכון לאותו תאריך הוא 30.8,TRUE
ביטוח רכב נגרר,הפניקס אלמנטרי,מנהלי,23/06/2025,422,ביטוח חובה,TRUE
חומרים לג'לי,סרחיו,מזון ומשקאות,27/06/2025,120,,TRUE
קמפיין גוגל,גוגל,פרסום,01/07/2025,2200,פרסום יוני,TRUE
קמפיין גוגל,גוגל,פרסום,01/07/2025,1991,פרסום יולי,TRUE
ראיית חשבון,עידו עמרם,מנהלי,02/07/2025,1872,מרץ - אפריל - מאי - יוני,TRUE
ראיית חשבון,עידו עמרם,מנהלי,02/07/2025,468,יולי,TRUE
מלאי,אחת שתיים שלוש,מלאי,02/07/2025,3123,שולם בתאריך 31/07/2024,TRUE
חומרי גלם לג'לי,סרחיו,מזון ומשקאות,03/07/2025,137,,TRUE
חומרי גלם לבישולים,סופר יודה,מזון ומשקאות,03/07/2025,42,,TRUE
גרנישים,תבליני כוחלני,לוגיסטיקה,04/07/2025,60,,TRUE
בוקסה למברגה,כל בו יוספי,לוגיסטיקה,04/07/2025,30,,TRUE
מים למחסן,יילו קרית אונו,מזון ומשקאות,06/07/2025,45,,TRUE
חומרי גלם לג'לי,סרחיו,מזון ומשקאות,08/07/2025,51,,TRUE
שכירות,אלי,מנהלי,10/07/2025,5900,יולי,TRUE
חומרי גלם לג'לי,א. חייק איציק,מזון ומשקאות,14/07/2025,25,,TRUE
חומרי גלם לג'לי,רוסולינג,לוגיסטיקה,22/07/2025,118,,TRUE
חומרי גלם לבישולים,עולם הירק,מזון ומשקאות,23/07/2025,35,,TRUE
מלאי,אחת שתיים שלוש,מלאי,05/08/2025,1215,,TRUE
שכירות,אלי,מנהלי,10/08/2025,5900,אוגוסט,TRUE
קרח,אייס קיובס,קרח,12/08/2025,520,,TRUE
קרח,אייס קיובס,קרח,18/08/2025,260,,TRUE
פלקסיג'ל,סרחיו,מזון ומשקאות,19/08/2025,120,,TRUE
קמפיין גוגל,גוגל,פרסום,26/08/2025,2500,פרסום אוגוסט,TRUE
גרנישים,סופר איראן,מזון ומשקאות,30/08/2025,43,ורד מיובש,TRUE
ראיית חשבון,עידו עמרם,מנהלי,30/08/2025,468,אוגוסט,TRUE
ראיית חשבון,עידו עמרם,מנהלי,30/08/2025,468,ספטמבר,TRUE
ביטוח,הפניקס אלמנטרי,מנהלי,01/09/2025,1162,תשלום 1/5,TRUE
קמפיין גוגל,גוגל,פרסום,01/09/2025,856,פרסום אוגוסט,TRUE
מלאי,אחת שתיים שלוש,מלאי,02/09/2025,1570,,TRUE
דלק,פז קרית אונו,דלק,03/09/2025,150,רכב של אסף,TRUE
קיר ג'לי,דייגו,לוגיסטיקה,03/09/2025,4680,,TRUE
ציוד לקיט ג'לי,הכל בדולר,לוגיסטיקה,04/09/2025,145,,TRUE
סוכר,אושר עד,מזון ומשקאות,04/09/2025,150,,TRUE
שכירות,אלי גלעד,שכירות,01/10/2025,4680,אוקטובר,TRUE
קמפיין גוגל,גוגל,פרסום,01/10/2025,305,פרסום ספטמבר,TRUE
מיץ לימון,סחוטים,מיץ לימון,02/10/2025,257,,TRUE
תיקון גלגל לעגלה,ציקי נגררים,לוגיסטיקה,02/10/2025,176,,TRUE
דלק,ביילסול,דלק,02/10/2025,200,רכב של יהודית,TRUE
קשים מבמבוק,בלו הונה,לוגיסטיקה,03/10/2025,561,,TRUE
ציוד בר ודקורציה,aliexpress,לוגיסטיקה,03/10/2025,173,,TRUE
ביטוח,הפניקס אלמנטרי,מנהלי,05/10/2025,1050,תשלום 1/5,TRUE
קמפיין פייסבוק,גוגל,פרסום,10/10/2025,824,ספטמבר,TRUE
קמפיין גוגל,גוגל,פרסום,21/10/2025,2500,אוקטובר,TRUE
קמפיין גוגל,גוגל,פרסום,21/10/2025,2500,אוקטובר,TRUE
אגרה שנתית לכשרות,מועצה דתית פתח תקווה,מנהלי,23/10/2025,875,,TRUE
מיץ לימון,סחוטים,מיץ לימון,23/10/2025,222,,TRUE
ביטוח,מגדל,מנהלי,27/10/2025,451,תשלום 2,TRUE
נוזל למדיח כלים,א.ג שרות והספקה טכנית,לוגיסטיקה,27/10/2025,271,,TRUE
מלאי,אושר עד קרית אונו,מלאי,27/10/2025,300,שולם מאסף,TRUE
מיץ לימון,סחוטים,מיץ לימון,29/10/2025,260,,TRUE
ראיית חשבון,עידו עמרם,מנהלי,30/10/2025,472,אוקטובר,TRUE
מלאי,שוק פתח תקווה,מלאי,30/10/2025,340,,TRUE
קמפיין גוגל,גוגל,פרסום,01/11/2025,1142,אוקטובר,TRUE
תחזוקת אתר,FIVER,מנהלי,04/11/2025,230,שולם מאסף,TRUE
קשים מבמבוק,aliexpress,לוגיסטיקה,04/11/2025,80,,TRUE
מלאי,היבואן קריית אונו,מלאי,05/11/2025,500,,TRUE
קרח,הניידים,קרח,07/11/2025,400,,TRUE
מלאי,אחת שתיים שלוש,מלאי,09/11/2025,9050,,TRUE
מלאי,הניידים,מלאי,09/11/2025,738,,TRUE
שכירות,אלי גלעד,שכירות,10/11/2025,6000,נובמבר,TRUE
מלאי,אחת שתיים שלוש,מלאי,10/11/2025,5637,,TRUE
מלאי,גלובל ווין,מלאי,13/11/2025,3052,,TRUE
מיץ לימון,סחוטים,מיץ לימון,17/11/2025,389,,TRUE
ציוד למחסן,הספקה לתעשייה,לוגיסטיקה,18/11/2025,66,,TRUE
מלאי,WOLT,מלאי,18/11/2025,180,ביטר קקאו ומקציף לקוקטייל,TRUE
תדלוק,פז קרית אונו,דלק,20/11/2025,200,טרנספורטר,TRUE
תדלוק,פז עין ורש,דלק,20/11/2025,85,מאזדה,TRUE
תדלוק,ביילסול,דלק,26/11/2025,60,מאזדה,TRUE
גז לסיפון,סרחיו,לוגיסטיקה,26/11/2025,60,,TRUE
ביטוח,מגדל,מנהלי,27/11/2025,452,תשלום 3,TRUE
תדלוק,ביילסול,דלק,27/11/2025,100,טרנספורטר,TRUE
קרח,הניידים,קרח,28/11/2025,430,,TRUE
מלאי,הניידים,מלאי,28/11/2025,1436,,TRUE
ראיית חשבון,עידו עמרם,מנהלי,30/11/2025,472,נובמבר,TRUE
קמפיין גוגל,גוגל,פרסום,01/12/2025,1837,נובמבר,TRUE
מלאי,אחת שתיים שלוש,מלאי,02/12/2025,1851,,TRUE
קשים מבמבוק,aliexpress,לוגיסטיקה,04/12/2025,120,,TRUE
קרח,הניידים,קרח,06/12/2025,480,,TRUE
שכירות,אלי,מנהלי,10/12/2025,6000,דצמבר,TRUE
"כוסות חד""פ",כפיר פלסט,לוגיסטיקה,24/12/2025,247,,TRUE
ביטוח,מגדל,מנהלי,27/12/2025,453,תשלום 4,TRUE
מיץ לימון,סחוטים,מיץ לימון,29/12/2025,260,,TRUE
ראיית חשבון,עידו עמרם,מנהלי,30/12/2025,472,דצמבר,TRUE
שכירות,אלי,מנהלי,10/01/2026,6000,ינואר,TRUE
ביטוח,מגדל,מנהלי,27/01/2026,454,תשלום 5,TRUE
שכירות,אלי,מנהלי,10/02/2026,6000,פברואר,TRUE
ביטוח,מגדל,מנהלי,27/02/2026,455,תשלום 6,TRUE
שכירות,אלי,מנהלי,10/03/2026,6000,מרץ,TRUE
ביטוח,מגדל,מנהלי,27/03/2026,456,תשלום 7,TRUE
שכירות,אלי,מנהלי,10/04/2026,6000,אפריל,TRUE
ביטוח,מגדל,מנהלי,27/04/2026,457,תשלום 8,TRUE
שכירות,אלי,מנהלי,10/05/2026,6000,מאי,TRUE
שכירות,אלי,מנהלי,10/06/2026,6000,יוני,TRUE
אחסון אתר,MY HOST,מנהלי,26/12/2026,450,,TRUE
